Id_pedido;Id_Producto;Precio_Unidad;Cantidad;Descuento
10248;53;14,00 ;12;0,00
10248;74;9,80 ;10;0,00
10248;60;34,80 ;5;0,00
10249;30;18,60 ;9;0,00
10249;41;42,40 ;40;0,00
10250;27;7,70 ;10;0,00
10250;41;42,40 ;35;0,15
10250;68;16,80 ;15;0,15
10251;46;16,80 ;6;0,05
10251;62;15,60 ;15;0,05
10251;68;16,80 ;20;0,00
10252;43;64,80 ;40;0,05
10252;54;2,00 ;25;0,05
10252;11;27,20 ;40;0,00
10253;56;10,00 ;20;0,00
10253;40;14,40 ;42;0,00
10253;64;16,00 ;40;0,00
10254;63;3,60 ;15;0,15
10254;49;19,20 ;21;0,15
10254;55;8,00 ;21;0,00
10255;21;15,20 ;20;0,00
10255;52;13,90 ;35;0,00
10255;33;15,20 ;25;0,00
10255;61;44,00 ;30;0,00
10256;31;26,20 ;15;0,00
10256;70;10,40 ;12;0,00
10257;24;35,10 ;25;0,00
10257;40;14,40 ;6;0,00
10257;70;10,40 ;15;0,00
10258;21;15,20 ;50;0,20
10258;44;17,00 ;65;0,20
10258;59;25,60 ;6;0,20
10259;8;8,00 ;10;0,00
10259;66;20,80 ;1;0,00
10260;27;7,70 ;16;0,25
10260;62;15,60 ;50;0,00
10260;75;39,40 ;15;0,25
10260;19;12,00 ;21;0,25
10261;8;8,00 ;20;0,00
10261;18;14,40 ;20;0,00
10262;44;17,00 ;12;0,20
10262;50;24,00 ;15;0,00
10262;37;30,40 ;2;0,00
10263;52;13,90 ;60;0,25
10263;63;3,60 ;28;0,00
10263;3;20,70 ;60;0,25
10263;55;8,00 ;36;0,25
10264;21;15,20 ;35;0,00
10264;27;7,70 ;25;0,15
10265;26;31,20 ;30;0,00
10265;19;12,00 ;20;0,00
10266;58;30,40 ;12;0,05
10267;13;14,70 ;50;0,00
10267;61;44,00 ;70;0,15
10267;39;14,40 ;15;0,15
10268;65;99,00 ;10;0,00
10268;60;27,80 ;4;0,00
10269;54;2,00 ;60;0,05
10269;60;27,80 ;20;0,05
10270;33;15,20 ;30;0,00
10270;10;36,80 ;25;0,00
10271;54;2,00 ;24;0,00
10272;43;64,80 ;6;0,00
10272;56;10,00 ;40;0,00
10272;60;27,80 ;24;0,00
10273;51;24,80 ;24;0,05
10273;56;10,00 ;15;0,05
10273;54;2,00 ;20;0,00
10273;13;14,70 ;60;0,05
10273;39;14,40 ;33;0,05
10274;29;17,20 ;20;0,00
10274;60;27,80 ;7;0,00
10275;63;3,60 ;12;0,05
10275;61;44,00 ;6;0,05
10276;51;24,80 ;15;0,00
10276;1;4,80 ;10;0,00
10277;26;36,40 ;20;0,00
10277;75;39,40 ;12;0,00
10278;5;15,50 ;16;0,00
10278;61;44,00 ;15;0,00
10278;71;35,10 ;8;0,00
10278;14;12,00 ;25;0,00
10279;26;31,20 ;15;0,25
10280;63;3,60 ;12;0,00
10280;49;19,20 ;20;0,00
10280;16;6,20 ;30;0,00
10281;48;7,30 ;1;0,00
10281;63;3,60 ;6;0,00
10281;18;14,40 ;4;0,00
10282;3;20,70 ;6;0,00
10282;62;15,60 ;2;0,00
10283;69;12,40 ;20;0,00
10283;48;7,30 ;18;0,00
10283;11;27,20 ;35;0,00
10283;60;27,80 ;3;0,00
10284;24;35,10 ;15;0,25
10284;5;15,50 ;21;0,00
10284;11;27,20 ;20;0,25
10284;17;11,20 ;5;0,25
10285;76;14,40 ;45;0,20
10285;13;14,70 ;40;0,20
10285;31;26,20 ;36;0,20
10286;18;14,40 ;100;0,00
10286;75;39,40 ;40;0,00
10287;52;13,90 ;40;0,15
10287;20;11,20 ;20;0,00
10287;4;9,60 ;15;0,15
10288;32;5,90 ;10;0,10
10288;6;10,00 ;3;0,10
10289;73;8,00 ;30;0,00
10289;7;26,60 ;9;0,00
10290;44;17,00 ;20;0,00
10290;65;99,00 ;15;0,00
10290;64;16,00 ;15;0,00
10290;70;10,40 ;10;0,00
10291;1;4,80 ;20;0,10
10291;5;15,50 ;24;0,10
10291;41;42,40 ;2;0,10
10292;43;64,80 ;20;0,00
10293;38;50,00 ;12;0,00
10293;63;3,60 ;10;0,00
10293;71;35,10 ;5;0,00
10293;16;6,20 ;6;0,00
10294;76;14,40 ;18;0,00
10294;26;31,20 ;15;0,00
10294;10;36,80 ;15;0,00
10294;11;27,20 ;21;0,00
10294;16;6,20 ;6;0,00
10295;37;30,40 ;4;0,00
10296;53;16,80 ;12;0,00
10296;52;13,90 ;30;0,00
10296;57;28,80 ;15;0,00
10297;40;14,40 ;60;0,00
10297;60;27,80 ;20;0,00
10298;21;15,20 ;40;0,00
10298;33;15,20 ;40;0,25
10298;61;44,00 ;30;0,25
10298;75;39,40 ;15;0,00
10299;48;7,30 ;15;0,00
10299;19;12,00 ;20;0,00
10300;35;13,60 ;30;0,00
10300;6;10,00 ;20;0,00
10301;13;14,70 ;10;0,00
10301;37;30,40 ;20;0,00
10302;26;31,20 ;40;0,00
10302;25;36,40 ;28;0,00
10302;10;36,80 ;12;0,00
10303;13;14,70 ;40;0,10
10303;68;16,80 ;30;0,10
10303;6;10,00 ;15;0,10
10304;64;16,00 ;30;0,00
10304;61;44,00 ;10;0,00
10304;29;17,20 ;2;0,00
10305;38;50,00 ;25;0,10
10305;65;99,00 ;25;0,10
10305;40;14,40 ;30;0,10
10306;3;20,70 ;10;0,00
10306;31;26,20 ;10;0,00
10306;32;5,90 ;5;0,00
10307;75;39,40 ;10;0,00
10307;6;10,00 ;3;0,00
10308;57;28,80 ;1;0,00
10308;19;12,00 ;5;0,00
10309;34;17,60 ;20;0,00
10309;42;20,00 ;30;0,00
10309;74;11,20 ;2;0,00
10309;10;36,80 ;20;0,00
10309;29;17,20 ;3;0,00
10310;52;13,90 ;10;0,00
10310;75;39,40 ;5;0,00
10311;74;11,20 ;6;0,00
10311;57;28,80 ;7;0,00
10312;25;36,40 ;4;0,00
10312;10;36,80 ;24;0,00
10312;31;26,20 ;20;0,00
10312;16;6,20 ;10;0,00
10313;33;15,20 ;12;0,00
10314;59;25,60 ;40;0,10
10314;12;10,60 ;30;0,10
10314;75;39,40 ;25;0,10
10315;20;11,20 ;14;0,00
10315;19;12,00 ;30;0,00
10316;27;7,70 ;10;0,00
10316;75;39,40 ;70;0,00
10317;76;14,40 ;20;0,00
10318;27;7,70 ;20;0,00
10318;39;14,40 ;6;0,00
10319;26;31,20 ;8;0,00
10319;25;36,40 ;14;0,00
10319;39;14,40 ;30;0,00
10320;29;17,20 ;30;0,00
10321;18;14,40 ;10;0,00
10322;15;5,60 ;20;0,00
10323;69;12,40 ;5;0,00
10323;28;11,20 ;4;0,00
10323;40;14,40 ;4;0,00
10324;52;13,90 ;21;0,15
10324;18;14,40 ;70;0,15
10324;4;9,60 ;30;0,00
10324;61;44,00 ;40;0,15
10324;71;35,10 ;80;0,15
10325;42;20,00 ;6;0,00
10325;1;4,80 ;12;0,00
10325;30;18,60 ;9;0,00
10325;56;10,00 ;4;0,00
10325;60;27,80 ;40;0,00
10326;34;17,60 ;24;0,00
10326;62;15,60 ;16;0,00
10326;16;6,20 ;50;0,00
10327;21;15,20 ;25;0,20
10327;53;16,80 ;50;0,20
10327;3;20,70 ;35;0,20
10327;12;10,60 ;30;0,20
10328;61;44,00 ;9;0,00
10328;68;16,80 ;40;0,00
10328;6;10,00 ;10;0,00
10329;48;7,30 ;10;0,05
10329;3;20,70 ;8;0,05
10329;77;210,80 ;20;0,05
10329;37;30,40 ;12;0,05
10330;45;24,90 ;50;0,15
10330;60;27,80 ;25;0,15
10331;32;5,90 ;15;0,00
10332;38;50,00 ;40;0,20
10332;74;11,20 ;10;0,20
10332;36;7,60 ;16;0,20
10333;30;18,60 ;10;0,00
10333;8;8,00 ;10;0,10
10333;29;17,20 ;40;0,10
10334;15;5,60 ;8;0,00
10334;6;10,00 ;10;0,00
10335;21;15,20 ;7;0,20
10335;56;10,00 ;25;0,20
10335;59;25,60 ;6;0,20
10335;41;42,40 ;48;0,20
10336;34;17,60 ;18;0,10
10337;47;7,20 ;40;0,00
10337;45;24,90 ;24;0,00
10337;33;15,20 ;20;0,00
10337;66;20,80 ;28;0,00
10337;60;27,80 ;25;0,00
10338;26;31,20 ;20;0,00
10338;3;20,70 ;15;0,00
10339;34;17,60 ;10;0,00
10339;26;31,20 ;70;0,05
10339;75;39,40 ;28;0,00
10340;38;50,00 ;20;0,05
10340;27;7,70 ;12;0,05
10340;10;36,80 ;40;0,05
10341;54;2,00 ;8;0,00
10341;61;44,00 ;9;0,15
10342;21;15,20 ;24;0,20
10342;56;10,00 ;56;0,20
10342;33;15,20 ;40;0,20
10342;49;19,20 ;40;0,20
10343;7;26,60 ;50;0,00
10343;6;10,00 ;4;0,05
10343;39;14,40 ;15;0,00
10344;34;17,60 ;35;0,00
10344;67;32,00 ;70;0,25
10345;67;32,00 ;70;0,00
10345;48;7,30 ;80;0,00
10345;74;11,20 ;9;0,00
10346;26;31,20 ;36;0,10
10346;37;30,40 ;20;0,00
10347;28;11,20 ;10;0,00
10347;40;14,40 ;50;0,15
10347;13;14,70 ;4;0,00
10347;16;6,20 ;6;0,15
10348;76;14,40 ;15;0,15
10348;47;7,20 ;25;0,00
10349;32;5,90 ;24;0,00
10350;22;13,00 ;15;0,10
10350;57;28,80 ;18;0,10
10351;77;210,80 ;20;0,05
10351;27;7,70 ;13;0,00
10351;5;15,50 ;77;0,05
10351;68;16,80 ;10;0,05
10352;63;3,60 ;10;0,00
10352;32;5,90 ;20;0,15
10353;53;16,80 ;12;0,20
10353;77;210,80 ;50;0,20
10354;76;14,40 ;12;0,00
10354;65;99,00 ;4;0,00
10355;63;3,60 ;25;0,00
10355;62;15,60 ;25;0,00
10356;56;10,00 ;30;0,00
10356;49;19,20 ;12;0,00
10356;57;28,80 ;20;0,00
10357;51;24,80 ;30;0,20
10357;45;24,90 ;16;0,00
10357;11;27,20 ;8;0,20
10358;63;3,60 ;10;0,05
10358;20;11,20 ;10;0,05
10358;33;15,20 ;20;0,05
10359;52;13,90 ;56;0,05
10359;56;10,00 ;70;0,05
10359;11;27,20 ;80;0,05
10360;25;36,40 ;30;0,00
10360;65;99,00 ;35;0,00
10360;77;210,80 ;10;0,00
10360;64;16,00 ;35;0,00
10360;32;5,90 ;28;0,00
10361;40;14,40 ;54;0,10
10361;11;27,20 ;55;0,10
10362;28;11,20 ;50;0,00
10362;41;42,40 ;20;0,00
10362;32;5,90 ;24;0,00
10363;56;10,00 ;20;0,00
10363;16;6,20 ;12;0,00
10363;39;14,40 ;12;0,00
10364;57;28,80 ;30;0,00
10364;29;17,20 ;5;0,00
10365;53;16,80 ;24;0,00
10366;68;16,80 ;5;0,00
10366;70;10,40 ;5;0,00
10367;20;11,20 ;36;0,00
10367;32;5,90 ;18;0,00
10367;68;16,80 ;15;0,00
10367;70;10,40 ;7;0,00
10368;8;8,00 ;5;0,10
10368;25;36,40 ;13;0,10
10368;62;15,60 ;25;0,00
10368;7;26,60 ;35;0,10
10369;65;99,00 ;20;0,00
10369;37;30,40 ;18;0,25
10370;76;14,40 ;15;0,15
10370;7;26,60 ;30;0,00
10370;55;8,00 ;20;0,15
10371;33;15,20 ;6;0,20
10372;43;64,80 ;12;0,25
10372;77;210,80 ;40;0,25
10372;11;27,20 ;70;0,25
10372;60;27,80 ;42;0,25
10373;12;10,60 ;80;0,20
10373;29;17,20 ;50;0,20
10374;56;10,00 ;30;0,00
10374;12;10,60 ;15;0,00
10375;30;18,60 ;15;0,00
10375;32;5,90 ;10;0,00
10376;56;10,00 ;42;0,05
10377;25;36,40 ;20;0,15
10377;40;14,40 ;20;0,15
10378;29;17,20 ;6;0,00
10379;27;7,70 ;8;0,10
10379;71;35,10 ;16;0,10
10379;68;16,80 ;20;0,10
10380;3;20,70 ;18;0,10
10380;31;26,20 ;20;0,10
10380;11;27,20 ;6;0,10
10380;19;12,00 ;30;0,00
10381;55;8,00 ;14;0,00
10382;44;17,00 ;32;0,00
10382;38;50,00 ;9;0,00
10382;65;99,00 ;14;0,00
10382;54;2,00 ;60;0,00
10382;55;8,00 ;50;0,00
10383;1;4,80 ;20;0,00
10383;22;13,00 ;15;0,00
10383;37;30,40 ;20;0,00
10384;43;64,80 ;28;0,00
10384;11;27,20 ;15;0,00
10385;50;24,00 ;10;0,20
10385;11;27,20 ;20;0,20
10385;6;10,00 ;8;0,20
10386;63;3,60 ;15;0,00
10386;20;11,20 ;10;0,00
10387;63;3,60 ;15;0,00
10387;25;36,40 ;6;0,00
10387;61;44,00 ;12;0,00
10387;29;17,20 ;15;0,00
10388;2;7,60 ;15;0,20
10388;15;5,60 ;20;0,20
10388;31;26,20 ;40;0,00
10389;51;24,80 ;16;0,00
10389;49;19,20 ;15;0,00
10389;75;39,40 ;20;0,00
10389;19;12,00 ;30;0,00
10390;56;10,00 ;60;0,10
10390;18;14,40 ;40;0,10
10390;4;9,60 ;45;0,00
10390;60;27,80 ;24;0,10
10391;1;4,80 ;18;0,00
10392;57;28,80 ;50;0,00
10393;21;15,20 ;25;0,25
10393;30;18,60 ;42;0,25
10393;28;11,20 ;7;0,25
10393;45;24,90 ;70;0,25
10393;56;10,00 ;32;0,00
10394;1;4,80 ;10;0,00
10394;75;39,40 ;10;0,00
10395;4;9,60 ;28;0,10
10395;31;26,20 ;70;0,10
10395;57;28,80 ;8;0,00
10396;47;7,20 ;40;0,00
10396;29;17,20 ;60;0,00
10396;60;27,80 ;21;0,00
10397;8;8,00 ;10;0,15
10397;41;42,40 ;18;0,15
10398;18;14,40 ;30;0,00
10398;49;19,20 ;120;0,10
10399;6;10,00 ;60;0,00
10399;29;17,20 ;30;0,00
10399;39;14,40 ;35;0,00
10399;70;10,40 ;14;0,00
10400;65;99,00 ;21;0,00
10400;18;14,40 ;35;0,00
10400;64;16,00 ;30;0,00
10401;3;20,70 ;18;0,00
10401;37;30,40 ;70;0,00
10401;68;16,80 ;20;0,00
10401;29;17,20 ;60;0,00
10402;47;7,20 ;60;0,00
10402;71;35,10 ;65;0,00
10403;52;13,90 ;21;0,15
10403;23;10,20 ;70;0,15
10404;45;24,90 ;30;0,05
10404;74;11,20 ;40;0,05
10404;64;16,00 ;30;0,05
10405;73;8,00 ;50;0,00
10406;76;14,40 ;10;0,00
10406;8;8,00 ;30;0,10
10406;25;36,40 ;42;0,10
10406;33;15,20 ;5;0,10
10406;13;14,70 ;2;0,10
10407;53;16,80 ;30;0,00
10407;57;28,80 ;15;0,00
10407;29;17,20 ;15;0,00
10408;66;20,80 ;10;0,00
10408;32;5,90 ;6;0,00
10408;75;39,40 ;35;0,00
10409;30;18,60 ;12;0,00
10409;8;8,00 ;12;0,00
10410;54;2,00 ;49;0,00
10410;61;44,00 ;16;0,00
10411;27;7,70 ;25;0,20
10411;5;15,50 ;40;0,20
10411;61;44,00 ;9;0,20
10412;30;18,60 ;20;0,10
10413;76;14,40 ;24;0,00
10413;75;39,40 ;40;0,00
10413;39;14,40 ;14;0,00
10414;48;7,30 ;18;0,05
10414;54;2,00 ;50;0,00
10415;26;31,20 ;2;0,00
10415;54;2,00 ;20;0,00
10416;48;7,30 ;20;0,00
10416;31;26,20 ;10;0,00
10416;62;15,60 ;20;0,00
10417;77;210,80 ;50;0,00
10417;4;9,60 ;2;0,25
10417;6;10,00 ;36;0,25
10417;70;10,40 ;35;0,00
10418;21;15,20 ;60;0,00
10418;36;7,60 ;55;0,00
10418;72;22,80 ;16;0,00
10418;55;8,00 ;15;0,00
10419;11;27,20 ;60;0,05
10419;57;28,80 ;20;0,05
10420;9;77,60 ;20;0,10
10420;1;4,80 ;2;0,10
10420;19;12,00 ;8;0,10
10420;14;12,00 ;20;0,10
10421;48;7,30 ;4;0,15
10421;45;24,90 ;30;0,00
10421;31;26,20 ;15;0,15
10421;70;10,40 ;10;0,15
10422;45;24,90 ;2;0,00
10423;56;10,00 ;14;0,00
10423;61;44,00 ;20;0,00
10424;18;14,40 ;60;0,20
10424;77;210,80 ;49;0,20
10424;6;10,00 ;30;0,20
10425;49;19,20 ;10;0,25
10425;39;14,40 ;20;0,25
10426;37;30,40 ;5;0,00
10426;7;26,60 ;7;0,00
10427;30;18,60 ;35;0,00
10428;4;9,60 ;20;0,00
10429;22;13,00 ;40;0,00
10429;71;35,10 ;35;0,25
10430;26;31,20 ;45;0,20
10430;8;8,00 ;50;0,00
10430;37;30,40 ;30;0,00
10430;61;44,00 ;70;0,20
10431;26;31,20 ;50;0,25
10431;13;14,70 ;50;0,25
10431;36;7,60 ;30;0,25
10432;45;24,90 ;10;0,00
10432;32;5,90 ;40;0,00
10433;37;30,40 ;28;0,00
10434;53;16,80 ;6;0,00
10434;39;14,40 ;18;0,15
10435;21;15,20 ;10;0,00
10435;46;16,80 ;12;0,00
10435;60;27,80 ;10;0,00
10436;4;9,60 ;5;0,00
10436;37;30,40 ;40;0,10
10436;7;26,60 ;30;0,10
10436;16;6,20 ;24;0,10
10437;31;26,20 ;15;0,00
10438;48;7,30 ;15;0,20
10438;20;11,20 ;20;0,20
10438;62;15,60 ;15;0,20
10439;58;30,40 ;15;0,00
10439;52;13,90 ;16;0,00
10439;7;26,60 ;6;0,00
10439;55;8,00 ;30;0,00
10440;21;15,20 ;45;0,15
10440;52;13,90 ;49;0,15
10440;65;99,00 ;24;0,15
10440;72;22,80 ;90;0,15
10441;24;35,10 ;50;0,00
10442;53;16,80 ;30;0,00
10442;32;5,90 ;80;0,00
10442;35;13,60 ;60;0,00
10443;53;16,80 ;6;0,20
10443;25;36,40 ;12;0,00
10444;26;31,20 ;10;0,00
10444;45;24,90 ;15;0,00
10444;18;14,40 ;8;0,00
10444;27;7,70 ;30;0,00
10445;40;14,40 ;6;0,00
10445;32;5,90 ;15;0,00
10446;48;7,30 ;12;0,10
10446;63;3,60 ;20;0,10
10446;56;10,00 ;3;0,10
10446;15;5,60 ;15;0,10
10447;48;7,30 ;40;0,00
10447;68;16,80 ;35;0,00
10447;29;17,20 ;2;0,00
10448;45;24,90 ;6;0,00
10448;13;14,70 ;20;0,00
10449;51;24,80 ;14;0,00
10449;15;5,60 ;20;0,00
10449;75;39,40 ;35;0,00
10450;51;24,80 ;20;0,20
10450;32;5,90 ;6;0,20
10451;49;19,20 ;120;0,10
10451;7;26,60 ;35;0,10
10451;68;16,80 ;28;0,10
10451;70;10,40 ;55;0,10
10452;25;36,40 ;15;0,00
10452;5;15,50 ;100;0,05
10453;23;10,20 ;15;0,10
10453;19;12,00 ;25;0,10
10454;52;13,90 ;20;0,20
10454;54;2,00 ;20;0,20
10454;4;9,60 ;10;0,20
10455;40;14,40 ;20;0,00
10455;31;26,20 ;50;0,00
10455;72;22,80 ;25;0,00
10455;29;17,20 ;30;0,00
10456;8;8,00 ;40;0,15
10456;64;16,00 ;21;0,15
10457;61;44,00 ;36;0,00
10458;45;24,90 ;30;0,00
10458;25;36,40 ;30;0,00
10458;10;36,80 ;20;0,00
10458;37;30,40 ;15;0,00
10458;29;17,20 ;50;0,00
10459;50;24,00 ;16;0,05
10459;4;9,60 ;20;0,05
10459;60;27,80 ;40;0,00
10460;6;10,00 ;21;0,25
10460;16;6,20 ;4;0,25
10461;8;8,00 ;40;0,25
10461;3;20,70 ;28;0,25
10461;49;19,20 ;60;0,25
10462;1;4,80 ;1;0,00
10462;47;7,20 ;21;0,00
10463;48;7,30 ;21;0,00
10463;74;11,20 ;50;0,00
10464;34;17,60 ;16;0,20
10464;10;36,80 ;3;0,00
10464;37;30,40 ;30;0,20
10464;11;27,20 ;20;0,00
10465;63;3,60 ;25;0,00
10465;65;99,00 ;18;0,10
10465;13;14,70 ;20;0,00
10465;2;7,60 ;30;0,10
10465;22;13,00 ;25;0,00
10466;53;16,80 ;10;0,00
10466;4;9,60 ;5;0,00
10467;63;3,60 ;28;0,00
10467;28;11,20 ;12;0,00
10468;3;20,70 ;8;0,00
10468;10;36,80 ;15;0,00
10469;21;15,20 ;40;0,15
10469;52;13,90 ;35;0,15
10469;5;15,50 ;2;0,15
10470;38;50,00 ;30;0,00
10470;47;7,20 ;15;0,00
10470;7;26,60 ;8;0,00
10471;50;24,00 ;30;0,00
10471;37;30,40 ;20;0,00
10472;63;3,60 ;80;0,05
10472;41;42,40 ;18;0,00
10473;54;2,00 ;12;0,00
10473;29;17,20 ;12;0,00
10474;30;18,60 ;12;0,00
10474;25;36,40 ;18;0,00
10474;13;14,70 ;21;0,00
10474;16;6,20 ;10;0,00
10475;56;10,00 ;35;0,15
10475;35;13,60 ;60;0,15
10475;39;14,40 ;42;0,15
10476;49;19,20 ;2;0,05
10476;19;12,00 ;12;0,00
10477;76;14,40 ;15;0,00
10477;8;8,00 ;21;0,25
10477;40;14,40 ;20;0,25
10478;51;24,80 ;20;0,05
10479;77;210,80 ;30;0,00
10479;31;26,20 ;28;0,00
10479;61;44,00 ;60;0,00
10479;7;26,60 ;30;0,00
10480;36;7,60 ;30;0,00
10480;61;44,00 ;12;0,00
10481;64;16,00 ;24;0,00
10481;11;27,20 ;40;0,00
10482;13;14,70 ;10;0,00
10483;20;11,20 ;35;0,05
10483;70;10,40 ;30;0,05
10484;8;8,00 ;14;0,00
10484;13;14,70 ;10;0,00
10484;41;42,40 ;3;0,00
10485;21;15,20 ;20;0,10
10485;73;8,00 ;20;0,10
10485;49;19,20 ;30;0,10
10485;19;12,00 ;60;0,10
10486;53;16,80 ;5;0,00
10486;41;42,40 ;25;0,00
10486;55;8,00 ;16;0,00
10487;48;7,30 ;5;0,00
10487;45;24,90 ;30;0,00
10487;32;5,90 ;24;0,25
10488;61;44,00 ;30;0,00
10488;14;12,00 ;20;0,20
10489;53;16,80 ;15;0,25
10489;52;13,90 ;18;0,00
10490;61;44,00 ;60;0,00
10490;6;10,00 ;30;0,00
10490;16;6,20 ;36;0,00
10491;5;15,50 ;15;0,15
10491;70;10,40 ;7;0,15
10492;28;11,20 ;60;0,05
10492;74;11,20 ;20;0,05
10493;68;16,80 ;15;0,10
10493;35;13,60 ;10;0,10
10493;57;28,80 ;10;0,10
10494;37;30,40 ;30;0,00
10495;47;7,20 ;10;0,00
10495;27;7,70 ;20;0,00
10495;70;10,40 ;5;0,00
10496;56;10,00 ;20;0,05
10497;37;30,40 ;14;0,00
10497;60;27,80 ;25;0,00
10497;70;10,40 ;25;0,00
10498;63;4,50 ;14;0,00
10498;13;18,40 ;5;0,00
10498;74;14,00 ;30;0,00
10499;25;45,60 ;20;0,00
10499;64;20,00 ;25;0,00
10500;69;15,50 ;12;0,05
10500;25;45,60 ;8;0,05
10501;32;7,45 ;20;0,00
10502;2;9,50 ;21;0,00
10502;31;32,80 ;6;0,00
10502;17;14,00 ;30;0,00
10503;30;23,25 ;70;0,00
10503;68;21,05 ;20;0,00
10504;21;19,00 ;12;0,00
10504;8;10,00 ;12;0,00
10504;31;32,80 ;10;0,00
10504;72;28,50 ;25;0,00
10505;75;49,30 ;3;0,00
10506;28;14,00 ;18;0,10
10506;19;15,00 ;14;0,10
10507;10;46,00 ;15;0,15
10507;23;12,75 ;15;0,15
10508;1;6,00 ;10;0,00
10508;40;18,00 ;10;0,00
10509;25;45,60 ;3;0,00
10510;65;123,79 ;36;0,00
10510;16;7,75 ;36;0,10
10511;34;22,00 ;50;0,15
10511;50;30,00 ;50;0,15
10511;67;40,00 ;10;0,15
10512;63;4,50 ;10;0,15
10512;4;12,00 ;9;0,15
10512;36;9,50 ;6;0,15
10512;11;34,00 ;12;0,15
10513;8;10,00 ;40;0,20
10513;59;32,00 ;50;0,20
10513;72;28,50 ;15;0,20
10514;43;81,00 ;39;0,00
10514;25;45,60 ;35;0,00
10514;37;38,00 ;70;0,00
10514;68;21,05 ;39;0,00
10514;16;7,75 ;50;0,00
10515;9;97,00 ;16;0,15
10515;52;17,45 ;50;0,00
10515;24;43,90 ;120;0,00
10515;54;2,50 ;16;0,15
10515;11;34,00 ;84;0,15
10516;38;62,50 ;25;0,10
10516;27;9,65 ;80;0,10
10516;74;14,00 ;20;0,00
10517;15;7,00 ;6;0,00
10517;61;55,00 ;4;0,00
10517;19;15,00 ;6;0,00
10518;63;4,50 ;5;0,00
10518;77;263,50 ;15;0,00
10518;5;19,45 ;9;0,00
10519;51;31,00 ;16;0,05
10519;37;38,00 ;40;0,00
10519;11;34,00 ;10;0,05
10520;63;4,50 ;8;0,00
10520;31;32,80 ;5;0,00
10521;18;18,00 ;3;0,00
10521;27;9,65 ;10;0,00
10521;6;12,50 ;6;0,00
10522;76;18,00 ;40;0,20
10522;67;40,00 ;24;0,00
10522;3;25,89 ;20;0,20
10522;13;18,40 ;25;0,20
10523;26;39,00 ;25;0,10
10523;43;81,00 ;15;0,10
10523;66;26,00 ;18;0,10
10523;27;9,65 ;6;0,10
10524;51;31,00 ;2;0,00
10524;3;25,89 ;10;0,00
10524;10;46,00 ;60;0,00
10524;32;7,45 ;15;0,00
10525;33;19,00 ;30;0,00
10525;13;18,40 ;15;0,10
10526;76;18,00 ;8;0,15
10526;1;6,00 ;10;0,00
10526;37;38,00 ;30;0,15
10527;34;22,00 ;50;0,10
10527;33;19,00 ;30;0,10
10528;53;21,00 ;3;0,00
10528;54;2,50 ;8;0,20
10528;60;34,80 ;9;0,00
10529;49;24,00 ;14;0,00
10529;6;12,50 ;20;0,00
10529;57;36,00 ;10;0,00
10530;26;39,00 ;40;0,00
10530;10;46,00 ;25;0,00
10530;72;28,50 ;20;0,00
10530;39;18,00 ;50;0,00
10531;61;55,00 ;2;0,00
10532;3;25,89 ;15;0,00
10532;35;17,00 ;24;0,00
10533;34;22,00 ;50;0,05
10533;60;34,80 ;24;0,00
10533;14;15,00 ;24;0,05
10534;3;25,89 ;10;0,00
10534;13;18,40 ;10;0,20
10534;32;7,45 ;10;0,20
10535;53;21,00 ;50;0,10
10535;13;18,40 ;10;0,10
10535;62;19,50 ;5;0,10
10535;61;55,00 ;15;0,10
10536;58;38,00 ;15;0,25
10536;56;12,50 ;20;0,00
10536;54;2,50 ;30;0,00
10536;11;34,00 ;35;0,25
10537;56;12,50 ;30;0,00
10537;41;53,00 ;6;0,00
10537;12;13,25 ;20;0,00
10537;60;34,80 ;21;0,00
10537;14;15,00 ;9;0,00
10538;19;15,00 ;7;0,00
10538;60;34,80 ;1;0,00
10539;1;6,00 ;8;0,00
10539;8;10,00 ;15;0,00
10539;54;2,50 ;15;0,00
10539;64;20,00 ;6;0,00
10540;73;10,00 ;60;0,00
10540;45;31,23 ;40;0,00
10540;77;263,50 ;30;0,00
10540;6;12,50 ;35;0,00
10541;63;4,50 ;35;0,10
10541;77;263,50 ;4;0,10
10541;68;21,05 ;36;0,10
10541;29;21,50 ;9;0,10
10542;53;21,00 ;15;0,05
10542;32;7,45 ;24;0,05
10543;58;38,00 ;30;0,15
10543;47;9,00 ;70;0,15
10544;25;45,60 ;7;0,00
10544;17;14,00 ;7;0,00
10545;53;21,00 ;10;0,00
10546;50;30,00 ;10;0,00
10546;18;18,00 ;30;0,00
10546;75;49,30 ;40;0,00
10547;59;32,00 ;24;0,15
10547;33;19,00 ;60;0,00
10548;20;14,00 ;10;0,25
10548;27;9,65 ;14;0,00
10549;56;12,50 ;55;0,15
10549;2;9,50 ;100;0,15
10549;41;53,00 ;48;0,15
10550;26;39,00 ;8;0,10
10550;48;9,20 ;10;0,00
10550;8;10,00 ;6;0,10
10550;72;28,50 ;10;0,10
10551;52;17,45 ;40;0,15
10551;18;18,00 ;20;0,15
10551;5;19,45 ;40;0,00
10552;57;36,00 ;18;0,00
10552;16;7,75 ;30;0,00
10553;53;21,00 ;15;0,00
10553;52;17,45 ;14;0,00
10553;46;21,00 ;24;0,00
10553;56;12,50 ;30;0,00
10553;18;18,00 ;6;0,00
10554;52;17,45 ;30;0,05
10554;47;9,00 ;20;0,05
10554;75;49,30 ;20;0,05
10554;70;13,00 ;10;0,05
10555;30;23,25 ;30;0,20
10555;48;9,20 ;35;0,20
10555;63;4,50 ;18;0,20
10555;41;53,00 ;20;0,20
10555;37;38,00 ;40;0,20
10556;60;34,80 ;24;0,00
10557;7;33,25 ;30;0,00
10557;16;7,75 ;20;0,00
10558;36;9,50 ;25;0,00
10558;41;53,00 ;20;0,00
10558;15;7,00 ;30;0,00
10558;31;32,80 ;18;0,00
10558;14;15,00 ;3;0,00
10559;27;9,65 ;12;0,05
10559;49;24,00 ;18;0,05
10560;3;25,89 ;20;0,00
10560;75;49,30 ;15;0,25
10561;5;19,45 ;10;0,00
10561;41;53,00 ;50;0,00
10562;54;2,50 ;20;0,10
10562;75;49,30 ;10;0,10
10563;33;19,00 ;25;0,00
10563;15;7,00 ;70;0,00
10564;26;39,00 ;16;0,05
10564;56;12,50 ;6;0,05
10564;49;24,00 ;25;0,05
10565;63;4,50 ;25;0,10
10565;7;33,25 ;18;0,10
10566;53;21,00 ;35;0,15
10566;38;62,50 ;18;0,15
10566;39;18,00 ;10;0,00
10567;56;12,50 ;60;0,20
10567;41;53,00 ;3;0,00
10567;61;55,00 ;40;0,20
10568;51;31,00 ;5;0,00
10569;56;12,50 ;35;0,20
10569;39;18,00 ;30;0,00
10570;53;21,00 ;15;0,05
10570;37;38,00 ;60;0,05
10571;30;23,25 ;11;0,15
10571;74;14,00 ;28;0,15
10572;52;17,45 ;12;0,10
10572;59;32,00 ;10;0,10
10572;13;18,40 ;50;0,00
10572;16;7,75 ;15;0,10
10573;26;39,00 ;18;0,00
10573;20;14,00 ;40;0,00
10573;31;32,80 ;25;0,00
10574;54;2,50 ;14;0,00
10574;13;18,40 ;2;0,00
10574;75;49,30 ;10;0,00
10574;7;33,25 ;6;0,00
10575;61;55,00 ;12;0,00
10575;71;43,90 ;6;0,00
10575;60;34,80 ;30;0,00
10575;39;18,00 ;10;0,00
10576;76;18,00 ;10;0,00
10576;56;12,50 ;20;0,00
10576;5;19,45 ;21;0,00
10577;40;18,00 ;10;0,00
10577;16;7,75 ;20;0,00
10577;70;13,00 ;18;0,00
10578;18;18,00 ;20;0,00
10578;62;19,50 ;6;0,00
10579;69;15,50 ;10;0,00
10579;16;7,75 ;21;0,00
10580;30;23,25 ;15;0,05
10580;27;9,65 ;9;0,05
10580;68;21,05 ;30;0,05
10581;16;7,75 ;50;0,20
10582;62;19,50 ;4;0,00
10582;39;18,00 ;14;0,00
10583;65;123,79 ;10;0,00
10583;11;34,00 ;24;0,15
10583;57;36,00 ;10;0,15
10584;56;12,50 ;50;0,05
10585;36;9,50 ;15;0,00
10586;15;7,00 ;4;0,15
10587;45;31,23 ;6;0,00
10587;18;18,00 ;20;0,00
10587;70;13,00 ;20;0,00
10588;38;62,50 ;40;0,20
10588;74;14,00 ;100;0,20
10589;18;18,00 ;4;0,00
10590;76;18,00 ;20;0,00
10590;70;13,00 ;60;0,05
10591;73;10,00 ;14;0,00
10591;50;30,00 ;10;0,00
10591;32;7,45 ;50;0,00
10592;69;15,50 ;25;0,05
10592;45;31,23 ;5;0,05
10593;43;81,00 ;21;0,20
10593;57;36,00 ;20;0,20
10593;39;18,00 ;4;0,20
10594;15;7,00 ;24;0,00
10594;12;13,25 ;30;0,00
10595;18;18,00 ;30;0,25
10595;72;28,50 ;120;0,25
10595;57;36,00 ;65;0,25
10596;37;38,00 ;5;0,20
10596;71;43,90 ;24;0,20
10596;16;7,75 ;30;0,20
10597;63;4,50 ;35;0,20
10597;62;19,50 ;20;0,00
10597;68;21,05 ;12;0,20
10598;24;43,90 ;50;0,00
10598;29;21,50 ;9;0,00
10599;75;49,30 ;10;0,00
10600;32;7,45 ;4;0,00
10600;14;15,00 ;30;0,00
10601;1;6,00 ;60;0,00
10601;61;55,00 ;35;0,00
10602;70;13,00 ;5;0,25
10603;46;21,00 ;48;0,00
10603;64;20,00 ;25;0,05
10604;23;12,75 ;6;0,10
10604;39;18,00 ;10;0,10
10605;52;17,45 ;30;0,05
10605;61;55,00 ;20;0,05
10605;11;34,00 ;70;0,05
10605;29;21,50 ;15;0,05
10606;34;22,00 ;20;0,20
10606;49;24,00 ;20;0,20
10606;75;49,30 ;10;0,20
10607;50;30,00 ;45;0,00
10607;26;39,00 ;100;0,00
10607;54;2,50 ;14;0,00
10607;13;18,40 ;42;0,00
10607;60;34,80 ;12;0,00
10608;37;38,00 ;28;0,00
10609;76;18,00 ;3;0,00
10609;51;31,00 ;10;0,00
10609;8;10,00 ;6;0,00
10610;33;19,00 ;21;0,25
10611;76;18,00 ;6;0,00
10611;21;19,00 ;10;0,00
10611;11;34,00 ;15;0,00
10612;51;31,00 ;70;0,00
10612;33;19,00 ;55;0,00
10612;64;20,00 ;18;0,00
10612;11;34,00 ;40;0,00
10612;39;18,00 ;80;0,00
10613;1;6,00 ;8;0,10
10613;16;7,75 ;40;0,00
10614;53;21,00 ;14;0,00
10614;8;10,00 ;8;0,00
10614;40;18,00 ;5;0,00
10615;49;24,00 ;5;0,00
10616;77;263,50 ;15;0,05
10616;37;38,00 ;14;0,00
10616;19;15,00 ;15;0,05
10616;29;21,50 ;15;0,05
10617;61;55,00 ;30;0,15
10618;42;25,00 ;70;0,00
10618;37;38,00 ;20;0,00
10618;6;12,50 ;15;0,00
10619;8;10,00 ;42;0,00
10619;46;21,00 ;40;0,00
10620;63;4,50 ;5;0,00
10620;15;7,00 ;5;0,00
10621;48;9,20 ;5;0,00
10621;47;9,00 ;10;0,00
10621;19;15,00 ;20;0,00
10621;29;21,50 ;15;0,00
10622;21;19,00 ;20;0,00
10622;6;12,50 ;18;0,20
10623;30;23,25 ;21;0,00
10623;48;9,20 ;15;0,10
10623;8;10,00 ;25;0,10
10623;63;4,50 ;3;0,00
10623;18;18,00 ;30;0,10
10624;25;45,60 ;10;0,00
10624;65;123,79 ;6;0,00
10624;5;19,45 ;10;0,00
10625;30;23,25 ;3;0,00
10625;74;14,00 ;5;0,00
10625;11;34,00 ;10;0,00
10626;31;32,80 ;12;0,00
10626;11;34,00 ;20;0,00
10626;29;21,50 ;20;0,00
10627;75;49,30 ;15;0,00
10627;14;15,00 ;35;0,15
10628;76;18,00 ;25;0,00
10629;65;123,79 ;20;0,00
10629;7;33,25 ;9;0,00
10630;49;24,00 ;12;0,05
10630;39;18,00 ;35;0,00
10631;16;7,75 ;8;0,10
10632;21;19,00 ;30;0,05
10632;54;2,50 ;20;0,05
10633;58;38,00 ;36;0,15
10633;1;6,00 ;13;0,15
10633;45;31,23 ;35;0,15
10633;75;49,30 ;80;0,15
10634;50;30,00 ;35;0,00
10634;38;62,50 ;50;0,00
10634;41;53,00 ;15;0,00
10634;16;7,75 ;2;0,00
10635;34;22,00 ;10;0,10
10635;44;21,35 ;15;0,10
10635;46;21,00 ;40;0,00
10636;34;22,00 ;25;0,00
10636;12;13,25 ;6;0,00
10637;53;21,00 ;10;0,00
10637;22;16,25 ;25;0,05
10637;37;38,00 ;60;0,05
10638;2;9,50 ;20;0,00
10638;68;21,05 ;21;0,00
10638;60;34,80 ;60;0,00
10639;38;62,50 ;8;0,00
10640;57;36,00 ;20;0,25
10640;19;15,00 ;15;0,25
10641;21;19,00 ;50;0,00
10641;13;18,40 ;60;0,00
10642;8;10,00 ;30;0,20
10642;72;28,50 ;20;0,20
10643;25;45,60 ;15;0,25
10643;40;18,00 ;21;0,25
10643;4;12,00 ;2;0,25
10644;38;62,50 ;4;0,10
10644;10;46,00 ;20;0,00
10644;4;12,00 ;21;0,10
10645;38;62,50 ;20;0,00
10645;33;19,00 ;15;0,00
10646;76;18,00 ;15;0,25
10646;51;31,00 ;18;0,25
10646;29;21,50 ;30;0,25
10646;70;13,00 ;35;0,25
10647;48;9,20 ;30;0,00
10647;40;18,00 ;20;0,00
10648;46;21,00 ;15;0,00
10648;63;4,50 ;15;0,15
10649;25;45,60 ;20;0,00
10649;60;34,80 ;15;0,00
10650;3;25,89 ;30;0,00
10650;31;32,80 ;25;0,05
10650;32;7,45 ;30;0,00
10651;48;9,20 ;12;0,25
10651;46;21,00 ;20;0,25
10652;3;25,89 ;2;0,25
10652;74;14,00 ;20;0,00
10653;52;17,45 ;30;0,10
10653;11;34,00 ;20;0,10
10654;34;22,00 ;12;0,10
10654;40;18,00 ;20;0,10
10654;32;7,45 ;6;0,10
10655;27;9,65 ;20;0,20
10656;30;23,25 ;3;0,10
10656;5;19,45 ;28;0,10
10656;36;9,50 ;6;0,10
10657;69;15,50 ;50;0,00
10657;27;9,65 ;24;0,00
10657;4;12,00 ;45;0,00
10657;36;9,50 ;10;0,00
10657;37;38,00 ;45;0,00
10657;11;34,00 ;30;0,00
10658;8;10,00 ;60;0,00
10658;13;18,40 ;70;0,05
10658;11;34,00 ;55;0,05
10658;70;13,00 ;70;0,05
10659;56;12,50 ;20;0,05
10659;13;18,40 ;24;0,05
10659;19;15,00 ;40;0,05
10660;43;81,00 ;21;0,00
10661;40;18,00 ;3;0,20
10661;12;13,25 ;49;0,20
10662;6;12,50 ;10;0,00
10663;13;18,40 ;30;0,05
10663;74;14,00 ;30;0,05
10663;41;53,00 ;20;0,05
10664;51;31,00 ;24;0,15
10664;37;38,00 ;12;0,15
10664;68;21,05 ;15;0,15
10665;41;53,00 ;20;0,00
10665;61;55,00 ;1;0,00
10665;39;18,00 ;10;0,00
10666;65;123,79 ;36;0,00
10666;68;21,05 ;10;0,00
10667;57;36,00 ;45;0,20
10667;29;21,50 ;14;0,20
10668;56;12,50 ;8;0,10
10668;49;24,00 ;4;0,10
10668;7;33,25 ;15;0,10
10669;33;19,00 ;30;0,00
10670;47;9,00 ;32;0,00
10670;4;12,00 ;60;0,00
10670;17;14,00 ;25;0,00
10670;14;15,00 ;50;0,00
10670;16;7,75 ;25;0,00
10671;52;17,45 ;10;0,00
10671;75;49,30 ;10;0,00
10671;68;21,05 ;12;0,00
10672;77;263,50 ;15;0,10
10672;29;21,50 ;12;0,00
10673;52;17,45 ;3;0,00
10673;74;14,00 ;6;0,00
10673;10;46,00 ;6;0,00
10674;47;9,00 ;5;0,00
10675;30;23,25 ;30;0,00
10675;31;32,80 ;10;0,00
10675;12;13,25 ;30;0,00
10676;51;31,00 ;2;0,00
10676;48;9,20 ;7;0,00
10676;5;19,45 ;21;0,00
10677;45;31,23 ;30;0,15
10677;54;2,50 ;8;0,15
10678;58;38,00 ;100;0,00
10678;54;2,50 ;30;0,00
10678;27;9,65 ;120;0,00
10678;32;7,45 ;30;0,00
10679;61;55,00 ;12;0,00
10680;52;17,45 ;50;0,25
10680;56;12,50 ;20;0,25
10680;74;14,00 ;40;0,25
10681;48;9,20 ;30;0,10
10681;8;10,00 ;12;0,10
10681;7;33,25 ;28;0,00
10682;54;2,50 ;30;0,00
10682;35;17,00 ;4;0,00
10682;16;7,75 ;30;0,00
10683;15;7,00 ;9;0,00
10684;13;18,40 ;20;0,00
10684;36;9,50 ;40;0,00
10684;11;34,00 ;30;0,00
10685;51;31,00 ;20;0,00
10685;27;9,65 ;4;0,00
10685;36;9,50 ;15;0,00
10686;26;39,00 ;30;0,20
10686;45;31,23 ;15;0,00
10687;9;97,00 ;50;0,25
10687;65;123,79 ;10;0,00
10687;33;19,00 ;6;0,25
10688;51;31,00 ;18;0,10
10688;25;45,60 ;60;0,10
10688;20;14,00 ;14;0,00
10689;76;18,00 ;35;0,25
10690;37;38,00 ;20;0,25
10690;70;13,00 ;30;0,25
10691;76;18,00 ;30;0,00
10691;65;123,79 ;40;0,00
10691;10;46,00 ;40;0,00
10691;5;19,45 ;24;0,00
10691;75;49,30 ;48;0,00
10692;71;43,90 ;20;0,00
10693;9;97,00 ;6;0,00
10693;32;7,45 ;60;0,15
10693;57;36,00 ;30;0,15
10693;14;15,00 ;15;0,15
10694;50;30,00 ;90;0,00
10694;61;55,00 ;25;0,00
10694;19;15,00 ;50;0,00
10695;67;40,00 ;10;0,00
10695;58;38,00 ;4;0,00
10695;63;4,50 ;20;0,00
10696;26;39,00 ;20;0,00
10696;4;12,00 ;18;0,00
10697;48;9,20 ;7;0,25
10697;18;18,00 ;9;0,25
10697;12;13,25 ;30;0,25
10697;19;15,00 ;30;0,25
10698;53;21,00 ;15;0,00
10698;26;39,00 ;8;0,05
10698;65;123,79 ;12;0,05
10698;68;21,05 ;65;0,05
10698;19;15,00 ;8;0,05
10699;36;9,50 ;12;0,00
10700;76;18,00 ;5;0,20
10700;20;14,00 ;12;0,20
10700;6;12,50 ;40;0,20
10700;29;21,50 ;60;0,20
10701;61;55,00 ;42;0,15
10701;29;21,50 ;20;0,15
10701;39;18,00 ;35;0,15
10702;73;10,00 ;6;0,00
10702;39;18,00 ;15;0,00
10703;21;19,00 ;5;0,00
10703;61;55,00 ;35;0,00
10703;14;15,00 ;35;0,00
10704;34;22,00 ;6;0,00
10704;63;4,50 ;35;0,00
10704;23;12,75 ;24;0,00
10705;56;12,50 ;20;0,00
10705;59;32,00 ;4;0,00
10706;52;17,45 ;20;0,00
10706;10;46,00 ;24;0,00
10706;61;55,00 ;8;0,00
10707;49;24,00 ;21;0,00
10707;62;19,50 ;40;0,00
10707;19;15,00 ;28;0,15
10708;44;21,35 ;4;0,00
10708;33;19,00 ;5;0,00
10709;67;40,00 ;40;0,00
10709;41;53,00 ;28;0,00
10709;11;34,00 ;10;0,00
10710;48;9,20 ;5;0,00
10710;36;9,50 ;5;0,00
10711;48;9,20 ;12;0,00
10711;27;9,65 ;42;0,00
10711;31;32,80 ;120;0,00
10712;31;32,80 ;3;0,05
10712;37;38,00 ;30;0,00
10713;51;31,00 ;18;0,00
10713;45;31,23 ;30;0,00
10713;2;9,50 ;110;0,00
10713;4;12,00 ;24;0,00
10714;21;19,00 ;30;0,25
10714;26;39,00 ;27;0,25
10714;36;9,50 ;50;0,25
10714;37;38,00 ;18;0,25
10714;12;13,25 ;12;0,25
10715;51;31,00 ;21;0,00
10715;29;21,50 ;30;0,00
10716;8;10,00 ;5;0,00
10716;41;53,00 ;7;0,00
10716;72;28,50 ;10;0,00
10717;8;10,00 ;32;0,05
10717;32;7,45 ;15;0,00
10717;57;36,00 ;25;0,05
10718;58;38,00 ;36;0,00
10718;52;17,45 ;20;0,00
10718;33;19,00 ;40;0,00
10718;75;49,30 ;20;0,00
10719;38;62,50 ;12;0,25
10719;3;25,89 ;3;0,25
10719;32;7,45 ;40;0,25
10720;18;18,00 ;21;0,00
10720;29;21,50 ;8;0,00
10721;5;19,45 ;50;0,05
10722;21;19,00 ;3;0,00
10722;56;12,50 ;50;0,00
10722;6;12,50 ;45;0,00
10722;16;7,75 ;42;0,00
10723;45;31,23 ;15;0,00
10724;51;31,00 ;16;0,00
10724;72;28,50 ;5;0,00
10725;27;9,65 ;12;0,00
10725;15;7,00 ;4;0,00
10725;49;24,00 ;6;0,00
10726;34;22,00 ;25;0,00
10726;53;21,00 ;5;0,00
10727;26;39,00 ;20;0,05
10727;37;38,00 ;10;0,05
10727;61;55,00 ;10;0,05
10728;3;25,89 ;15;0,00
10728;13;18,40 ;6;0,00
10728;49;24,00 ;12;0,00
10728;11;34,00 ;15;0,00
10729;76;18,00 ;50;0,00
10729;8;10,00 ;30;0,00
10729;22;16,25 ;40;0,00
10730;52;17,45 ;15;0,05
10730;56;12,50 ;3;0,05
10730;68;21,05 ;10;0,05
10731;8;10,00 ;40;0,05
10731;41;53,00 ;30;0,05
10732;39;18,00 ;20;0,00
10733;30;23,25 ;16;0,00
10733;25;45,60 ;20;0,00
10733;15;7,00 ;25;0,00
10734;42;25,00 ;30;0,00
10734;3;25,89 ;15;0,00
10734;39;18,00 ;20;0,00
10735;72;28,50 ;20;0,10
10735;70;13,00 ;2;0,10
10736;68;21,05 ;40;0,00
10736;16;7,75 ;20;0,00
10737;1;6,00 ;4;0,00
10737;27;9,65 ;12;0,00
10738;52;17,45 ;3;0,00
10739;33;19,00 ;6;0,00
10739;15;7,00 ;18;0,00
10740;25;45,60 ;5;0,20
10740;18;18,00 ;35;0,20
10740;2;9,50 ;40;0,20
10740;37;38,00 ;14;0,20
10741;21;19,00 ;15;0,20
10742;73;10,00 ;20;0,00
10742;11;34,00 ;50;0,00
10742;60;34,80 ;35;0,00
10743;4;12,00 ;28;0,05
10744;13;18,40 ;50;0,20
10745;38;62,50 ;24;0,00
10745;5;19,45 ;16;0,00
10745;61;55,00 ;45;0,00
10745;60;34,80 ;7;0,00
10746;1;6,00 ;6;0,00
10746;74;14,00 ;28;0,00
10746;75;49,30 ;9;0,00
10746;57;36,00 ;40;0,00
10747;56;12,50 ;8;0,00
10747;27;9,65 ;35;0,00
10747;71;43,90 ;9;0,00
10747;57;36,00 ;30;0,00
10748;47;9,00 ;44;0,00
10748;13;18,40 ;40;0,00
10748;37;38,00 ;28;0,00
10749;37;38,00 ;15;0,00
10749;61;55,00 ;6;0,00
10749;39;18,00 ;10;0,00
10750;30;23,25 ;5;0,15
10750;2;9,50 ;40;0,15
10750;61;55,00 ;25;0,15
10751;45;31,23 ;12;0,10
10751;3;25,89 ;30;0,00
10751;22;16,25 ;20;0,10
10751;14;15,00 ;15;0,00
10752;76;18,00 ;8;0,00
10752;57;36,00 ;3;0,00
10753;2;9,50 ;4;0,00
10753;55;10,00 ;5;0,00
10754;13;18,40 ;3;0,00
10755;36;9,50 ;30;0,25
10755;37;38,00 ;30;0,25
10755;62;19,50 ;14;0,25
10755;57;36,00 ;25;0,25
10756;38;62,50 ;21;0,20
10756;33;19,00 ;20;0,20
10756;6;12,50 ;6;0,20
10756;57;36,00 ;20;0,20
10757;20;14,00 ;30;0,00
10757;61;55,00 ;7;0,00
10757;75;49,30 ;30;0,00
10757;7;33,25 ;24;0,00
10758;45;31,23 ;20;0,00
10758;15;7,00 ;60;0,00
10758;19;15,00 ;40;0,00
10759;59;32,00 ;10;0,00
10760;28;14,00 ;12;0,25
10760;24;43,90 ;40;0,00
10760;10;46,00 ;30;0,25
10761;28;14,00 ;35;0,25
10761;16;7,75 ;18;0,00
10762;40;18,00 ;16;0,00
10762;36;9,50 ;30;0,00
10762;41;53,00 ;28;0,00
10762;37;38,00 ;60;0,00
10763;8;10,00 ;40;0,00
10763;46;21,00 ;6;0,00
10763;63;4,50 ;20;0,00
10764;73;10,00 ;20;0,10
10764;40;18,00 ;130;0,10
10765;68;21,05 ;80;0,10
10766;21;19,00 ;40;0,00
10766;50;30,00 ;35;0,00
10766;6;12,50 ;40;0,00
10767;74;14,00 ;2;0,00
10768;46;21,00 ;4;0,00
10768;56;12,50 ;50;0,00
10768;11;34,00 ;15;0,00
10768;29;21,50 ;12;0,00
10769;27;9,65 ;30;0,05
10769;15;7,00 ;15;0,05
10769;72;28,50 ;20;0,00
10769;75;49,30 ;15;0,00
10770;53;21,00 ;15;0,25
10771;29;21,50 ;16;0,00
10772;65;123,79 ;18;0,00
10772;61;55,00 ;25;0,00
10773;26;39,00 ;33;0,00
10773;56;12,50 ;70;0,20
10773;16;7,75 ;7;0,20
10774;56;12,50 ;2;0,25
10774;35;17,00 ;50;0,00
10775;51;31,00 ;6;0,00
10775;17;14,00 ;3;0,00
10776;56;12,50 ;16;0,05
10776;74;14,00 ;12;0,05
10776;2;9,50 ;27;0,05
10776;41;53,00 ;120;0,05
10777;74;14,00 ;20;0,20
10778;27;9,65 ;10;0,00
10779;52;17,45 ;20;0,00
10779;75;49,30 ;20;0,00
10780;19;15,00 ;35;0,00
10780;70;13,00 ;15;0,00
10781;32;7,45 ;3;0,20
10781;37;38,00 ;20;0,20
10781;55;10,00 ;35;0,00
10782;56;12,50 ;1;0,00
10783;56;12,50 ;10;0,00
10783;77;263,50 ;5;0,00
10784;33;19,00 ;30;0,00
10784;40;18,00 ;2;0,15
10784;60;34,80 ;30;0,15
10785;51;31,00 ;10;0,00
10785;16;7,75 ;10;0,00
10786;67;40,00 ;30;0,20
10786;3;25,89 ;15;0,20
10786;16;7,75 ;42;0,20
10787;21;19,00 ;15;0,05
10787;65;123,79 ;20;0,05
10788;48;9,20 ;50;0,05
10788;16;7,75 ;40;0,05
10789;38;62,50 ;30;0,00
10789;18;18,00 ;15;0,00
10789;71;43,90 ;30;0,00
10789;6;12,50 ;18;0,00
10790;50;30,00 ;3;0,15
10790;37;38,00 ;20;0,15
10791;65;123,79 ;14;0,05
10791;27;9,65 ;20;0,05
10792;21;19,00 ;10;0,00
10792;32;7,45 ;3;0,00
10792;6;12,50 ;15;0,00
10793;27;9,65 ;14;0,00
10793;15;7,00 ;8;0,00
10794;30;23,25 ;15;0,20
10794;32;7,45 ;6;0,20
10795;52;17,45 ;65;0,00
10795;26;39,00 ;35;0,25
10796;45;31,23 ;21;0,20
10796;5;19,45 ;10;0,00
10796;7;33,25 ;35;0,20
10796;57;36,00 ;24;0,20
10797;53;21,00 ;20;0,00
10798;75;49,30 ;2;0,00
10798;60;34,80 ;10;0,00
10799;1;6,00 ;20;0,15
10799;63;4,50 ;20;0,15
10799;61;55,00 ;25;0,00
10800;53;21,00 ;50;0,10
10800;41;53,00 ;10;0,10
10800;32;7,45 ;7;0,10
10801;26;39,00 ;40;0,25
10801;65;123,79 ;20;0,25
10802;3;25,89 ;25;0,25
10802;41;53,00 ;30;0,25
10802;49;24,00 ;60;0,25
10802;75;49,30 ;5;0,25
10803;48;9,20 ;24;0,05
10803;28;14,00 ;15;0,05
10803;61;55,00 ;15;0,05
10804;51;31,00 ;36;0,00
10804;25;45,60 ;24;0,00
10804;64;20,00 ;4;0,15
10805;20;14,00 ;10;0,00
10805;77;263,50 ;10;0,00
10806;21;19,00 ;20;0,25
10806;68;21,05 ;2;0,00
10806;55;10,00 ;15;0,25
10807;13;18,40 ;1;0,00
10808;37;38,00 ;20;0,15
10808;39;18,00 ;50;0,15
10809;15;7,00 ;20;0,00
10810;1;6,00 ;7;0,00
10810;28;14,00 ;5;0,00
10810;19;15,00 ;5;0,00
10811;48;9,20 ;15;0,00
10811;47;9,00 ;18;0,00
10811;13;18,40 ;30;0,00
10812;56;12,50 ;16;0,10
10812;60;34,80 ;40;0,10
10812;70;13,00 ;20;0,00
10813;21;19,00 ;12;0,20
10813;4;12,00 ;35;0,00
10814;27;9,65 ;20;0,00
10814;10;46,00 ;20;0,15
10814;23;12,75 ;8;0,15
10814;72;28,50 ;30;0,15
10815;54;2,50 ;16;0,00
10816;77;263,50 ;30;0,05
10816;75;49,30 ;20;0,05
10817;45;31,23 ;40;0,15
10817;77;263,50 ;30;0,00
10817;13;18,40 ;60;0,15
10817;75;49,30 ;25;0,15
10818;59;32,00 ;20;0,00
10818;27;9,65 ;20;0,00
10819;10;46,00 ;7;0,00
10819;16;7,75 ;20;0,00
10820;37;38,00 ;30;0,00
10821;18;18,00 ;20;0,00
10821;41;53,00 ;6;0,00
10822;75;49,30 ;3;0,00
10822;19;15,00 ;6;0,00
10823;53;21,00 ;20;0,10
10823;62;19,50 ;15;0,00
10823;61;55,00 ;40;0,10
10823;70;13,00 ;15;0,10
10824;27;9,65 ;12;0,00
10824;19;15,00 ;9;0,00
10825;45;31,23 ;12;0,00
10825;31;32,80 ;20;0,00
10826;56;12,50 ;35;0,00
10826;62;19,50 ;15;0,00
10827;51;31,00 ;15;0,00
10827;40;18,00 ;21;0,00
10828;43;81,00 ;5;0,00
10828;77;263,50 ;2;0,00
10829;21;19,00 ;10;0,00
10829;67;40,00 ;20;0,00
10829;1;6,00 ;10;0,00
10829;11;34,00 ;21;0,00
10830;42;25,00 ;6;0,00
10830;40;18,00 ;28;0,00
10830;11;34,00 ;30;0,00
10830;6;12,50 ;24;0,00
10831;48;9,20 ;2;0,00
10831;18;18,00 ;8;0,00
10831;77;263,50 ;8;0,00
10831;10;46,00 ;9;0,00
10832;1;6,00 ;3;0,20
10832;28;14,00 ;10;0,20
10832;5;19,45 ;16;0,20
10832;7;33,25 ;3;0,00
10833;50;30,00 ;20;0,10
10833;56;12,50 ;9;0,10
10833;31;32,80 ;9;0,10
10834;65;123,79 ;8;0,05
10834;3;25,89 ;20;0,05
10835;61;55,00 ;15;0,00
10835;70;13,00 ;2;0,20
10836;46;21,00 ;52;0,00
10836;18;18,00 ;6;0,00
10836;62;19,50 ;24;0,00
10836;11;34,00 ;60;0,00
10836;7;33,25 ;30;0,00
10837;1;6,00 ;6;0,00
10837;13;18,40 ;25;0,00
10837;36;9,50 ;40;0,25
10837;39;18,00 ;21;0,25
10838;76;18,00 ;4;0,25
10838;38;62,50 ;25;0,25
10838;33;19,00 ;50;0,25
10839;12;13,25 ;30;0,10
10839;60;34,80 ;15;0,10
10840;28;14,00 ;6;0,20
10840;40;18,00 ;10;0,20
10841;51;31,00 ;16;0,00
10841;37;38,00 ;30;0,00
10841;61;55,00 ;50;0,00
10841;70;13,00 ;15;0,00
10842;53;21,00 ;15;0,00
10842;10;46,00 ;5;0,00
10842;6;12,50 ;20;0,00
10842;19;15,00 ;12;0,00
10843;41;53,00 ;4;0,25
10844;46;21,00 ;35;0,00
10845;47;9,00 ;70;0,10
10845;18;18,00 ;25;0,10
10845;74;14,00 ;42;0,10
10845;12;13,25 ;60;0,10
10845;7;33,25 ;48;0,00
10846;34;22,00 ;21;0,00
10846;19;15,00 ;30;0,00
10846;55;10,00 ;20;0,00
10847;76;18,00 ;80;0,20
10847;48;9,20 ;12;0,20
10847;66;26,00 ;60;0,20
10847;2;9,50 ;36;0,20
10847;11;34,00 ;45;0,20
10847;29;21,50 ;55;0,20
10848;44;21,35 ;30;0,00
10848;9;97,00 ;3;0,00
10849;73;10,00 ;49;0,00
10849;45;31,23 ;18;0,15
10850;28;14,00 ;20;0,15
10850;54;2,50 ;4;0,15
10850;19;15,00 ;30;0,15
10851;21;19,00 ;5;0,05
10851;28;14,00 ;10;0,05
10851;62;19,50 ;10;0,05
10851;61;55,00 ;42;0,05
10852;21;19,00 ;15;0,00
10852;26;39,00 ;6;0,00
10852;75;49,30 ;50;0,00
10853;38;62,50 ;10;0,00
10854;51;31,00 ;100;0,15
10854;1;6,00 ;65;0,15
10855;52;17,45 ;50;0,00
10855;56;12,50 ;14;0,00
10855;37;38,00 ;24;0,00
10855;68;21,05 ;15;0,15
10856;21;19,00 ;20;0,00
10856;74;14,00 ;20;0,00
10857;73;10,00 ;30;0,00
10857;45;31,23 ;35;0,25
10857;65;123,79 ;10;0,25
10858;50;30,00 ;5;0,00
10858;24;43,90 ;10;0,00
10858;19;15,00 ;4;0,00
10859;63;4,50 ;40;0,25
10859;32;7,45 ;35;0,25
10859;7;33,25 ;30;0,25
10860;41;53,00 ;3;0,00
10860;39;18,00 ;20;0,00
10861;26;39,00 ;42;0,00
10861;38;62,50 ;20;0,00
10861;8;10,00 ;40;0,00
10861;54;2,50 ;35;0,00
10861;75;49,30 ;3;0,00
10862;53;21,00 ;25;0,00
10862;15;7,00 ;8;0,00
10863;76;18,00 ;20;0,15
10863;12;13,25 ;12;0,15
10864;18;18,00 ;4;0,00
10864;17;14,00 ;15;0,00
10865;77;263,50 ;60;0,05
10865;40;18,00 ;80;0,05
10866;21;19,00 ;21;0,25
10866;63;4,50 ;6;0,25
10866;3;25,89 ;40;0,25
10867;31;32,80 ;3;0,00
10868;45;31,23 ;20;0,00
10868;18;18,00 ;30;0,00
10868;64;20,00 ;42;0,10
10869;76;18,00 ;40;0,00
10869;53;21,00 ;10;0,00
10869;47;9,00 ;50;0,00
10869;6;12,50 ;20;0,00
10870;18;18,00 ;3;0,00
10870;41;53,00 ;2;0,00
10871;42;25,00 ;50;0,05
10871;52;17,45 ;12;0,05
10871;26;39,00 ;16;0,05
10872;49;24,00 ;10;0,05
10872;75;49,30 ;20;0,05
10872;7;33,25 ;15;0,05
10872;68;21,05 ;21;0,05
10873;8;10,00 ;20;0,00
10873;25;45,60 ;3;0,00
10874;51;31,00 ;10;0,00
10875;48;9,20 ;25;0,00
10875;36;9,50 ;21;0,10
10875;64;20,00 ;15;0,00
10876;4;12,00 ;21;0,00
10876;7;33,25 ;20;0,00
10877;52;17,45 ;30;0,25
10877;38;62,50 ;25;0,00
10878;43;81,00 ;20;0,05
10879;13;18,40 ;12;0,00
10879;68;21,05 ;10;0,00
10879;39;18,00 ;10;0,00
10880;47;9,00 ;30;0,20
10880;72;28,50 ;30;0,20
10880;19;15,00 ;50;0,20
10881;14;15,00 ;10;0,00
10882;74;14,00 ;25;0,00
10882;64;20,00 ;20;0,15
10882;32;7,45 ;32;0,15
10883;63;4,50 ;8;0,00
10884;8;10,00 ;40;0,05
10884;37;38,00 ;21;0,05
10884;68;21,05 ;12;0,05
10885;21;19,00 ;20;0,00
10885;63;4,50 ;12;0,00
10885;19;15,00 ;30;0,00
10885;70;13,00 ;25;0,00
10886;51;31,00 ;70;0,00
10886;56;12,50 ;35;0,00
10886;70;13,00 ;40;0,00
10887;28;14,00 ;5;0,00
10888;21;19,00 ;20;0,00
10888;6;12,50 ;18;0,00
10889;53;21,00 ;40;0,00
10889;77;263,50 ;40;0,00
10890;26;39,00 ;15;0,00
10890;20;14,00 ;10;0,00
10890;27;9,65 ;14;0,00
10891;3;25,89 ;15;0,05
10892;61;55,00 ;40;0,05
10893;67;40,00 ;30;0,00
10893;63;4,50 ;10;0,00
10893;65;123,79 ;24;0,00
10893;3;25,89 ;35;0,00
10893;33;19,00 ;20;0,00
10894;1;6,00 ;28;0,05
10894;57;36,00 ;50;0,05
10894;16;7,75 ;120;0,05
10895;63;4,50 ;110;0,00
10895;40;18,00 ;45;0,00
10895;13;18,40 ;91;0,00
10895;11;34,00 ;100;0,00
10896;2;9,50 ;15;0,00
10896;37;38,00 ;16;0,00
10897;65;123,79 ;80;0,00
10897;3;25,89 ;36;0,00
10898;1;6,00 ;5;0,00
10899;40;18,00 ;8;0,15
10900;19;15,00 ;3;0,25
10901;27;9,65 ;30;0,00
10901;29;21,50 ;30;0,00
10902;49;24,00 ;30;0,15
10902;75;49,30 ;6;0,15
10903;1;6,00 ;40;0,00
10903;68;21,05 ;21;0,00
10903;6;12,50 ;20;0,00
10904;12;13,25 ;15;0,00
10904;75;49,30 ;35;0,00
10905;76;18,00 ;20;0,05
10906;72;28,50 ;15;0,00
10907;16;7,75 ;14;0,00
10908;50;30,00 ;20;0,05
10908;15;7,00 ;14;0,05
10909;50;30,00 ;12;0,00
10909;52;17,45 ;15;0,00
10909;27;9,65 ;5;0,00
10910;48;9,20 ;12;0,00
10910;64;20,00 ;10;0,00
10910;72;28,50 ;5;0,00
10911;76;18,00 ;10;0,00
10911;26;39,00 ;12;0,00
10911;17;14,00 ;15;0,00
10912;53;21,00 ;40;0,25
10912;65;123,79 ;60;0,25
10913;34;22,00 ;30;0,25
10913;54;2,50 ;40;0,25
10913;12;13,25 ;15;0,00
10914;29;21,50 ;25;0,00
10915;26;39,00 ;10;0,00
10915;54;2,50 ;30;0,00
10915;32;7,45 ;10;0,00
10916;52;17,45 ;6;0,00
10916;59;32,00 ;6;0,00
10916;62;19,50 ;20;0,00
10917;3;25,89 ;1;0,00
10917;11;34,00 ;10;0,00
10918;76;18,00 ;60;0,25
10918;11;34,00 ;25;0,25
10919;52;17,45 ;24;0,00
10919;28;14,00 ;24;0,00
10919;13;18,40 ;20;0,00
10920;22;16,25 ;24;0,00
10921;18;18,00 ;10;0,00
10921;71;43,90 ;40;0,00
10922;26;39,00 ;15;0,00
10922;63;4,50 ;35;0,00
10923;74;14,00 ;10;0,20
10923;10;46,00 ;10;0,20
10923;17;14,00 ;24;0,20
10924;51;31,00 ;20;0,10
10924;25;45,60 ;30;0,10
10924;16;7,75 ;6;0,00
10925;33;19,00 ;25;0,15
10925;15;7,00 ;12;0,15
10926;53;21,00 ;2;0,00
10926;1;6,00 ;10;0,00
10926;48;9,20 ;7;0,00
10926;60;34,80 ;10;0,00
10927;43;81,00 ;5;0,00
10927;15;7,00 ;5;0,00
10927;39;18,00 ;20;0,00
10928;36;9,50 ;5;0,00
10928;39;18,00 ;5;0,00
10929;8;10,00 ;60;0,00
10929;16;7,75 ;49;0,00
10929;70;13,00 ;15;0,00
10930;8;10,00 ;36;0,00
10930;24;43,90 ;25;0,00
10930;49;24,00 ;25;0,20
10930;12;13,25 ;30;0,20
10931;1;6,00 ;42;0,15
10931;62;19,50 ;30;0,00
10932;52;17,45 ;30;0,10
10932;75;49,30 ;14;0,10
10932;60;34,80 ;16;0,00
10932;16;7,75 ;20;0,10
10933;31;32,80 ;2;0,00
10933;72;28,50 ;30;0,00
10934;42;25,00 ;20;0,00
10935;76;18,00 ;21;0,00
10935;38;62,50 ;4;0,25
10935;47;9,00 ;8;0,25
10936;33;19,00 ;30;0,20
10937;25;45,60 ;8;0,00
10937;20;14,00 ;20;0,00
10938;1;6,00 ;20;0,25
10938;10;46,00 ;24;0,25
10938;11;34,00 ;49;0,25
10938;29;21,50 ;35;0,25
10939;21;19,00 ;10;0,15
10939;17;14,00 ;40;0,15
10940;50;30,00 ;8;0,00
10940;1;6,00 ;20;0,00
10941;56;12,50 ;44;0,25
10941;75;49,30 ;30;0,25
10941;6;12,50 ;80;0,25
10941;60;34,80 ;50;0,00
10942;64;20,00 ;28;0,00
10943;1;6,00 ;15;0,00
10943;46;21,00 ;21;0,00
10943;4;12,00 ;15;0,00
10944;53;21,00 ;5;0,25
10944;5;19,45 ;18;0,25
10944;37;38,00 ;18;0,00
10945;1;6,00 ;20;0,00
10945;56;12,50 ;10;0,00
10946;51;31,00 ;25;0,00
10946;63;4,50 ;25;0,00
10946;70;13,00 ;40;0,00
10947;61;55,00 ;4;0,00
10948;22;16,25 ;9;0,00
10948;41;53,00 ;40;0,00
10948;49;24,00 ;4;0,00
10949;42;25,00 ;12;0,00
10949;51;31,00 ;30;0,00
10949;26;39,00 ;6;0,00
10949;75;49,30 ;60;0,00
10950;34;22,00 ;5;0,00
10951;54;2,50 ;15;0,05
10951;27;9,65 ;6;0,05
10951;16;7,75 ;50;0,05
10952;42;25,00 ;16;0,05
10952;25;45,60 ;2;0,00
10953;43;81,00 ;50;0,05
10953;56;12,50 ;50;0,05
10954;52;17,45 ;28;0,15
10954;56;12,50 ;25;0,15
10954;2;9,50 ;30;0,00
10954;11;34,00 ;24;0,15
10955;16;7,75 ;12;0,20
10956;8;10,00 ;12;0,00
10956;36;9,50 ;14;0,00
10956;41;53,00 ;8;0,00
10957;3;25,89 ;30;0,00
10957;18;18,00 ;40;0,00
10957;7;33,25 ;8;0,00
10958;44;21,35 ;20;0,00
10958;50;30,00 ;6;0,00
10958;60;34,80 ;5;0,00
10959;16;7,75 ;20;0,15
10960;63;4,50 ;10;0,25
10960;27;9,65 ;24;0,00
10961;15;7,00 ;6;0,05
10961;39;18,00 ;60;0,00
10962;50;30,00 ;45;0,00
10962;1;6,00 ;77;0,00
10962;31;32,80 ;20;0,00
10962;57;36,00 ;9;0,00
10962;39;18,00 ;44;0,00
10963;11;34,00 ;2;0,15
10964;38;62,50 ;6;0,00
10964;77;263,50 ;5;0,00
10964;57;36,00 ;10;0,00
10965;41;53,00 ;16;0,00
10966;66;26,00 ;8;0,00
10966;37;38,00 ;12;0,15
10966;75;49,30 ;12;0,15
10967;48;9,20 ;12;0,00
10967;64;20,00 ;40;0,00
10968;58;38,00 ;30;0,00
10968;63;4,50 ;30;0,00
10968;7;33,25 ;4;0,00
10969;4;12,00 ;9;0,00
10970;15;7,00 ;40;0,20
10971;65;123,79 ;14;0,00
10972;26;39,00 ;6;0,00
10972;54;2,50 ;7;0,00
10973;45;31,23 ;5;0,00
10973;27;9,65 ;6;0,00
10973;16;7,75 ;10;0,00
10974;71;43,90 ;10;0,00
10975;67;40,00 ;16;0,00
10975;16;7,75 ;10;0,00
10976;25;45,60 ;20;0,00
10977;40;18,00 ;30;0,00
10977;36;9,50 ;30;0,00
10977;41;53,00 ;10;0,00
10977;71;43,90 ;20;0,00
10978;67;40,00 ;20;0,15
10978;8;10,00 ;40;0,15
10978;13;18,40 ;10;0,00
10978;5;19,45 ;6;0,15
10979;50;30,00 ;18;0,00
10979;58;38,00 ;20;0,00
10979;63;4,50 ;80;0,00
10979;24;43,90 ;30;0,00
10979;56;12,50 ;24;0,00
10979;71;43,90 ;35;0,00
10980;16;7,75 ;40;0,20
10981;77;263,50 ;60;0,00
10982;50;30,00 ;20;0,00
10982;10;46,00 ;9;0,00
10983;1;6,00 ;84;0,15
10983;62;19,50 ;15;0,00
10984;52;17,45 ;55;0,00
10984;63;4,50 ;20;0,00
10984;33;19,00 ;40;0,00
10985;52;17,45 ;36;0,10
10985;38;62,50 ;8;0,10
10985;59;32,00 ;35;0,10
10986;53;21,00 ;30;0,00
10986;43;81,00 ;15;0,00
10986;39;18,00 ;10;0,00
10986;70;13,00 ;15;0,00
10987;50;30,00 ;60;0,00
10987;10;46,00 ;6;0,00
10987;60;34,80 ;20;0,00
10988;50;30,00 ;60;0,00
10988;75;49,30 ;40;0,10
10989;42;25,00 ;40;0,00
10989;53;21,00 ;15;0,00
10989;27;9,65 ;4;0,00
10990;8;10,00 ;65;0,00
10990;20;14,00 ;60;0,15
10990;49;24,00 ;65;0,15
10990;72;28,50 ;66;0,15
10991;21;19,00 ;50;0,20
10991;19;15,00 ;20;0,20
10991;39;18,00 ;90;0,20
10992;60;34,80 ;2;0,00
10993;65;123,79 ;50;0,25
10993;27;9,65 ;35;0,25
10994;61;55,00 ;18;0,05
10995;41;53,00 ;20;0,00
10995;11;34,00 ;4;0,00
10996;74;14,00 ;40;0,00
10997;59;32,00 ;50;0,00
10997;4;12,00 ;20;0,25
10997;15;7,00 ;20;0,25
10998;63;4,50 ;12;0,00
10998;72;28,50 ;7;0,00
10998;55;10,00 ;20;0,00
10998;16;7,75 ;30;0,00
10999;27;9,65 ;20;0,05
10999;41;53,00 ;15;0,05
10999;70;13,00 ;21;0,05
11000;34;22,00 ;25;0,25
11000;63;4,50 ;30;0,25
11000;70;13,00 ;30;0,00
11001;50;30,00 ;60;0,00
11001;46;21,00 ;25;0,00
11001;4;12,00 ;25;0,00
11001;49;24,00 ;6;0,00
11002;1;6,00 ;56;0,00
11002;18;18,00 ;15;0,15
11002;74;14,00 ;24;0,15
11002;49;24,00 ;40;0,00
11003;76;18,00 ;4;0,00
11003;13;18,40 ;10;0,00
11003;15;7,00 ;10;0,00
11004;45;31,23 ;6;0,00
11004;39;18,00 ;6;0,00
11005;76;18,00 ;2;0,00
11005;61;55,00 ;10;0,00
11006;76;18,00 ;8;0,00
11006;65;123,79 ;2;0,25
11007;67;40,00 ;30;0,00
11007;65;123,79 ;10;0,00
11007;74;14,00 ;14;0,00
11008;25;45,60 ;70;0,05
11008;20;14,00 ;90;0,05
11008;29;21,50 ;21;0,00
11009;63;4,50 ;12;0,00
11009;33;19,00 ;18;0,25
11009;11;34,00 ;9;0,00
11010;50;30,00 ;20;0,00
11010;63;4,50 ;10;0,00
11011;12;13,25 ;40;0,05
11011;29;21,50 ;20;0,00
11012;48;9,20 ;50;0,05
11012;11;34,00 ;36;0,05
11012;29;21,50 ;60;0,05
11013;47;9,00 ;10;0,00
11013;74;14,00 ;4;0,00
11013;2;9,50 ;20;0,00
11013;6;12,50 ;2;0,00
11014;27;9,65 ;28;0,10
11015;3;25,89 ;15;0,00
11015;70;13,00 ;18;0,00
11016;56;12,50 ;15;0,00
11016;33;19,00 ;16;0,00
11017;73;10,00 ;25;0,00
11017;61;55,00 ;110;0,00
11017;19;15,00 ;30;0,00
11018;58;38,00 ;20;0,00
11018;38;62,50 ;10;0,00
11018;37;38,00 ;5;0,00
11019;4;12,00 ;3;0,00
11019;64;20,00 ;2;0,00
11020;51;31,00 ;24;0,15
11021;21;19,00 ;11;0,25
11021;43;81,00 ;15;0,00
11021;45;31,23 ;63;0,00
11021;41;53,00 ;44;0,25
11021;60;34,80 ;35;0,00
11022;48;9,20 ;35;0,00
11022;57;36,00 ;30;0,00
11023;50;30,00 ;4;0,00
11023;10;46,00 ;30;0,00
11024;45;31,23 ;12;0,00
11024;54;2,50 ;30;0,00
11024;68;21,05 ;21;0,00
11024;29;21,50 ;50;0,00
11025;76;18,00 ;10;0,10
11025;1;6,00 ;20;0,10
11026;38;62,50 ;8;0,00
11026;41;53,00 ;10;0,00
11027;63;4,50 ;30;0,25
11027;75;49,30 ;21;0,25
11028;49;24,00 ;35;0,00
11028;61;55,00 ;24;0,00
11029;37;38,00 ;20;0,00
11029;71;43,90 ;12;0,00
11030;21;19,00 ;100;0,25
11030;44;21,35 ;70;0,00
11030;65;123,79 ;60;0,25
11030;61;55,00 ;100;0,25
11031;76;18,00 ;45;0,00
11031;1;6,00 ;80;0,00
11031;63;4,50 ;21;0,00
11031;7;33,25 ;20;0,00
11031;29;21,50 ;16;0,00
11032;33;19,00 ;35;0,00
11032;77;263,50 ;25;0,00
11032;61;55,00 ;30;0,00
11033;31;32,80 ;70;0,10
11033;57;36,00 ;36;0,10
11034;8;10,00 ;15;0,10
11034;5;19,45 ;12;0,00
11034;72;28,50 ;6;0,00
11035;76;18,00 ;10;0,00
11035;18;18,00 ;60;0,00
11035;74;14,00 ;30;0,00
11035;32;7,45 ;10;0,00
11036;1;6,00 ;7;0,00
11036;61;55,00 ;30;0,00
11037;19;15,00 ;4;0,00
11038;13;18,40 ;5;0,20
11038;15;7,00 ;2;0,00
11038;29;21,50 ;30;0,00
11039;25;45,60 ;20;0,00
11039;18;18,00 ;24;0,00
11039;64;20,00 ;60;0,00
11039;62;19,50 ;28;0,00
11040;8;10,00 ;20;0,00
11041;21;19,00 ;30;0,20
11041;71;43,90 ;30;0,00
11042;5;19,45 ;15;0,00
11042;72;28,50 ;4;0,00
11043;53;21,00 ;10;0,00
11044;75;49,30 ;12;0,00
11045;54;2,50 ;15;0,00
11045;41;53,00 ;24;0,00
11046;58;38,00 ;20;0,05
11046;59;32,00 ;15;0,05
11046;18;18,00 ;18;0,05
11047;76;18,00 ;25;0,25
11047;44;21,35 ;30;0,25
11048;6;12,50 ;42;0,00
11049;21;19,00 ;10;0,20
11049;58;38,00 ;4;0,20
11050;39;18,00 ;50;0,10
11051;63;4,50 ;10;0,20
11052;10;46,00 ;30;0,20
11052;72;28,50 ;10;0,20
11053;38;62,50 ;35;0,20
11053;59;32,00 ;20;0,00
11053;7;33,25 ;25;0,20
11054;54;2,50 ;10;0,00
11054;17;14,00 ;20;0,00
11055;63;4,50 ;15;0,00
11055;28;14,00 ;15;0,00
11055;41;53,00 ;20;0,00
11055;62;19,50 ;20;0,00
11056;50;30,00 ;40;0,00
11056;49;24,00 ;35;0,00
11056;11;34,00 ;50;0,00
11057;19;15,00 ;3;0,00
11058;8;10,00 ;3;0,00
11058;11;34,00 ;21;0,00
11058;72;28,50 ;4;0,00
11059;1;6,00 ;30;0,00
11059;26;39,00 ;12;0,00
11059;11;34,00 ;35;0,00
11060;11;34,00 ;4;0,00
11060;70;13,00 ;10;0,00
11061;11;34,00 ;15;0,00
11062;31;32,80 ;10;0,20
11062;19;15,00 ;12;0,20
11063;20;14,00 ;30;0,00
11063;13;18,40 ;40;0,10
11063;27;9,65 ;30;0,10
11064;26;39,00 ;77;0,10
11064;27;9,65 ;12;0,00
11064;31;32,80 ;25;0,10
11064;49;24,00 ;4;0,10
11064;6;12,50 ;55;0,00
11065;3;25,89 ;4;0,25
11065;32;7,45 ;20;0,25
11066;52;17,45 ;3;0,00
11066;48;9,20 ;42;0,00
11066;20;14,00 ;35;0,00
11067;27;9,65 ;9;0,00
11068;25;45,60 ;8;0,15
11068;10;46,00 ;36;0,15
11068;70;13,00 ;28;0,15
11069;40;18,00 ;20;0,00
11070;76;18,00 ;40;0,15
11070;21;19,00 ;20;0,15
11070;52;17,45 ;30;0,15
11070;56;12,50 ;20;0,00
11071;50;30,00 ;15;0,05
11071;1;6,00 ;10;0,05
11072;21;19,00 ;8;0,00
11072;27;9,65 ;40;0,00
11072;22;16,25 ;22;0,00
11072;7;33,25 ;130;0,00
11073;53;21,00 ;10;0,00
11073;63;4,50 ;20;0,00
11074;52;17,45 ;14;0,05
11075;21;19,00 ;10;0,15
11075;4;12,00 ;30;0,15
11075;39;18,00 ;2;0,15
11076;42;25,00 ;20;0,25
11076;30;23,25 ;20;0,25
11076;48;9,20 ;10;0,25
11077;21;19,00 ;24;0,20
11077;73;10,00 ;4;0,00
11077;34;22,00 ;1;0,00
11077;42;25,00 ;1;0,02
11077;50;30,00 ;1;0,05
11077;67;40,00 ;2;0,10
11077;51;31,00 ;1;0,00
11077;58;38,00 ;2;0,05
11077;1;6,00 ;4;0,00
11077;30;23,25 ;1;0,03
11077;52;17,45 ;2;0,03
11077;43;81,00 ;1;0,04
11077;47;9,00 ;2;0,00
11077;59;32,00 ;1;0,00
11077;40;18,00 ;2;0,05
11077;27;9,65 ;3;0,00
11077;4;12,00 ;3;0,02
11077;15;7,00 ;2;0,00
11077;49;24,00 ;2;0,00
11077;11;34,00 ;2;0,06
11077;7;33,25 ;2;0,03
11077;35;17,00 ;1;0,00
11077;14;15,00 ;2;0,01
11077;16;7,75 ;4;0,00
11077;70;13,00 ;2;0,00
